{"count":1,"self":82.4612736,"total":355.89105609999996,"children":{"InitializeActuators":{"count":32,"self":0.0029922,"total":0.0029922,"children":null},"InitializeSensors":{"count":32,"self":0.002992,"total":0.002992,"children":null},"AgentSendState":{"count":31249,"self":1.9047843999999998,"total":17.5215188,"children":{"CollectObservations":{"count":200000,"self":0.7247492,"total":0.7247492,"children":null},"WriteActionMask":{"count":200000,"self":0.45339959999999996,"total":0.45339959999999996,"children":null},"RequestDecision":{"count":200000,"self":1.316282,"total":14.4385856,"children":{"AgentInfo.ToProto":{"count":200000,"self":1.1675805,"total":13.122303599999999,"children":{"GenerateSensorData":{"count":200000,"self":4.1805072,"total":11.954723099999999,"children":{"RayPerceptionSensor.Perceive":{"count":200000,"self":7.774216,"total":7.7742157999999995,"children":null}}}}}}}}},"DecideAction":{"count":31249,"self":251.86439679999998,"total":251.8644038,"children":null},"AgentAct":{"count":31249,"self":2.5950292,"total":2.5950292999999998,"children":null},"AgentInfo.ToProto":{"count":15069,"self":0.1742472,"total":1.4418464,"children":{"GenerateSensorData":{"count":15069,"self":0.4613674,"total":1.2675992,"children":{"RayPerceptionSensor.Perceive":{"count":15069,"self":0.80623179999999994,"total":0.80623179999999994,"children":null}}}}}},"gauges":{"AgenteLaberinto.CumulativeReward":{"count":15069,"max":1.9794,"min":-2.23523927,"runningAverage":-1.056193,"value":-1.0108,"weightedAverage":-1.07143843}},"metadata":{"timer_format_version":"0.1.0","start_time_seconds":"1614268765","unity_version":"2020.2.4f1","command_line_arguments":"E:\\Games\\Unity\\2020.2.4f1\\Editor\\Unity.exe -projectpath E:\/Proyectos Unity\/Escuela\/ML Agents\/ML Agents -useHub -hubIPC -cloudEnvironment production -hubSessionId 627a6a70-76da-11eb-ad91-231f6db81d9c -accessToken db5KZch7Zp6dftoGG6OJkfzQ2RbeEqowVyOPq1IPeZI004f","communication_protocol_version":"1.5.0","com.unity.ml-agents_version":"1.8.0-preview","scene_name":"2x2 - NoBackSensor","end_time_seconds":"1614269121"}}