{"count":1,"self":13.282031199999999,"total":15.1439706,"children":{"InitializeActuators":{"count":32,"self":0.0039895999999999994,"total":0.0039895999999999994,"children":null},"InitializeSensors":{"count":32,"self":0.0039917,"total":0.0039917,"children":null},"AgentSendState":{"count":1389,"self":0.081003499999999992,"total":0.1952499,"children":{"CollectObservations":{"count":8896,"self":0.038070799999999995,"total":0.038070799999999995,"children":null},"WriteActionMask":{"count":8896,"self":0.025984,"total":0.025984,"children":null},"RequestDecision":{"count":8896,"self":0.050191599999999996,"total":0.050191599999999996,"children":null}}},"DecideAction":{"count":1389,"self":0.96559279999999992,"total":1.5265461,"children":{"RayPerceptionSensor.Perceive":{"count":17792,"self":0.5609533,"total":0.5609533,"children":null}}},"AgentAct":{"count":1389,"self":0.13116809999999998,"total":0.13116809999999998,"children":null}},"gauges":{"AgenteLaberinto.CumulativeReward":{"count":194,"max":1.9826,"min":-1.04459989,"runningAverage":1.73699152,"value":1.9636,"weightedAverage":1.77264321}},"metadata":{"timer_format_version":"0.1.0","start_time_seconds":"1614265583","unity_version":"2020.2.4f1","command_line_arguments":"E:\\Games\\Unity\\2020.2.4f1\\Editor\\Unity.exe -projectpath E:\/Proyectos Unity\/Escuela\/ML Agents\/ML Agents -useHub -hubIPC -cloudEnvironment production -hubSessionId 627a6a70-76da-11eb-ad91-231f6db81d9c -accessToken db5KZch7Zp6dftoGG6OJkfzQ2RbeEqowVyOPq1IPeZI004f","communication_protocol_version":"1.5.0","com.unity.ml-agents_version":"1.8.0-preview","scene_name":"2x2","end_time_seconds":"1614265598"}}