{"count":1,"self":37.3902272,"total":68.805194,"children":{"InitializeActuators":{"count":32,"self":0.0029923999999999997,"total":0.0029923999999999997,"children":null},"InitializeSensors":{"count":32,"self":0.0039842,"total":0.0039842,"children":null},"AgentSendState":{"count":26795,"self":1.6868828,"total":3.3212724999999996,"children":{"CollectObservations":{"count":171488,"self":0.60604099999999994,"total":0.60604099999999994,"children":null},"WriteActionMask":{"count":171488,"self":0.41615989999999997,"total":0.41615989999999997,"children":null},"RequestDecision":{"count":171488,"self":0.61218869999999992,"total":0.61218869999999992,"children":null}}},"DecideAction":{"count":26795,"self":15.3169264,"total":25.8344094,"children":{"RayPerceptionSensor.Perceive":{"count":342976,"self":10.5174832,"total":10.5174834,"children":null}}},"AgentAct":{"count":26795,"self":2.2503143999999997,"total":2.2503145,"children":null}},"gauges":{"AgenteLaberinto.CumulativeReward":{"count":1414,"max":1.979,"min":-2.048208,"runningAverage":0.9495095,"value":1.90079951,"weightedAverage":1.66591358}},"metadata":{"timer_format_version":"0.1.0","start_time_seconds":"1614305100","unity_version":"2020.2.4f1","command_line_arguments":"E:\\Games\\Unity\\2020.2.4f1\\Editor\\Unity.exe -projectpath E:\/Proyectos Unity\/Escuela\/ML Agents\/ML Agents -useHub -hubIPC -cloudEnvironment production -hubSessionId a4765c50-7788-11eb-a715-b94e8122790b -accessToken kQVT8KggvGC_t7g3CgtPIYMwoqjsNOZ7usDUUwpkrHU004f","communication_protocol_version":"1.5.0","com.unity.ml-agents_version":"1.8.0-preview","scene_name":"3x4 - 4x3","end_time_seconds":"1614305168"}}