{"count":1,"self":539.4824704,"total":2108.5522043,"children":{"InitializeActuators":{"count":12,"self":0.0029928,"total":0.0029928,"children":null},"InitializeSensors":{"count":12,"self":0.0029963999999999998,"total":0.0029963999999999998,"children":null},"AgentSendState":{"count":421567,"self":11.515044,"total":82.741732599999992,"children":{"CollectObservations":{"count":1011768,"self":4.2870376,"total":4.2870378,"children":null},"WriteActionMask":{"count":1011768,"self":2.599319,"total":2.599319,"children":null},"RequestDecision":{"count":1011768,"self":7.335836,"total":64.3403317,"children":{"AgentInfo.ToProto":{"count":1011768,"self":6.5493559999999995,"total":57.0044957,"children":{"GenerateSensorData":{"count":1011768,"self":15.5787936,"total":50.455139599999995,"children":{"RayPerceptionSensor.Perceive":{"count":1011768,"self":34.8763456,"total":34.8763459,"children":null}}}}}}}}},"DecideAction":{"count":421567,"self":1470.3179776,"total":1470.3179920999999,"children":null},"AgentAct":{"count":421567,"self":15.929201599999999,"total":15.9790607,"children":{"AgentInfo.ToProto":{"count":837,"self":0.0040627,"total":0.0498592,"children":{"GenerateSensorData":{"count":837,"self":0.010929099999999999,"total":0.0457965,"children":{"RayPerceptionSensor.Perceive":{"count":837,"self":0.0348674,"total":0.0348674,"children":null}}}}}}},"AgentInfo.ToProto":{"count":326,"self":0.0030762999999999997,"total":0.023983599999999997,"children":{"GenerateSensorData":{"count":326,"self":0.0039876999999999994,"total":0.0209073,"children":{"RayPerceptionSensor.Perceive":{"count":326,"self":0.0169196,"total":0.0169196,"children":null}}}}}},"gauges":{"AgenteLaberinto.CumulativeReward":{"count":1163,"max":0,"min":-2,"runningAverage":-0.2880482,"value":0,"weightedAverage":-0.0150132738}},"metadata":{"timer_format_version":"0.1.0","start_time_seconds":"1614065324","unity_version":"2020.2.4f1","command_line_arguments":"E:\\Games\\Unity\\2020.2.4f1\\Editor\\Unity.exe -projectpath E:\/Proyectos Unity\/Escuela\/ML Agents\/ML Agents -useHub -hubIPC -cloudEnvironment production -hubSessionId b9834d00-7577-11eb-af30-233b0214336a -accessToken 3H8TSNLxCLjgVIQvHEjfkNGZEWsr_q7TTCkFgKaBHpU004f","communication_protocol_version":"1.5.0","com.unity.ml-agents_version":"1.8.0-preview","scene_name":"Maze","end_time_seconds":"1614067433"}}